<?xml version="1.0"?>
<rule>
	<tokenlist>simple</tokenlist>
	<pattern>std :: basic_string &lt; ((unsigned )*(short|int|long|long long|size_t|float|double)|([^;]+ , std :: char_traits &lt; (unsigned )*(short|int|long|long long|size_t|float|double) &gt;)|([^;]+ , [^;]+ , std :: allocator &lt; (unsigned )*(short|int|long|long long|size_t|float|double) &gt;))</pattern>  
    <message>
		<id>basicStringTypeMisused</id>
		<severity>warning</severity>
		<summary>std::basic_string character type misused. use only (char or wchar_t) types in basic_string</summary>
	</message>
</rule>
<rule>
	<tokenlist>raw</tokenlist>
  <pattern>std :: basic_string &lt; (unsigned )*((short|int|long|long long|size_t|float|double)|([^;]+ , std :: char_traits &lt; (unsigned )*(short|int|long|long long|size_t|float|double) &gt;)|([^;]+ , [^;]+ , std :: allocator &lt; (unsigned )*(short|int|long|long long|size_t|float|double) &gt;))</pattern>  
    <message>
		<id>basicStringTypeMisused</id>
		<severity>warning</severity>
		<summary>std::basic_string character type misused. use only (char or wchar_t) types in basic_string</summary>
	</message>
</rule>
